,year,state,state_po,county,FIPS,office,candidate,party,candidatevotes,totalvotes,version,partyColor,votePercent
1160,2000,Florida,FL,Alachua,12001.0,President,Al Gore,democrat,47365.0,85729,20191203,b,0.5524968213789966
1161,2000,Florida,FL,Alachua,12001.0,President,George W. Bush,republican,34124.0,85729,20191203,r,0.39804500227460954
1162,2000,Florida,FL,Alachua,12001.0,President,Ralph Nader,green,3226.0,85729,20191203,g,0.037630206814496844
1163,2000,Florida,FL,Alachua,12001.0,President,Other,,1014.0,85729,20191203,y,0.011827969531897024
1164,2000,Florida,FL,Baker,12003.0,President,Al Gore,democrat,2392.0,8154,20191203,b,0.2933529556046112
1165,2000,Florida,FL,Baker,12003.0,President,George W. Bush,republican,5610.0,8154,20191203,r,0.6880058866813834
1166,2000,Florida,FL,Baker,12003.0,President,Ralph Nader,green,53.0,8154,20191203,g,0.006499877360804513
1167,2000,Florida,FL,Baker,12003.0,President,Other,,99.0,8154,20191203,y,0.012141280353200883
1168,2000,Florida,FL,Bay,12005.0,President,Al Gore,democrat,18850.0,58805,20191203,b,0.32055097355667034
1169,2000,Florida,FL,Bay,12005.0,President,George W. Bush,republican,38637.0,58805,20191203,r,0.6570359663293938
1170,2000,Florida,FL,Bay,12005.0,President,Ralph Nader,green,828.0,58805,20191203,g,0.014080435337131197
1171,2000,Florida,FL,Bay,12005.0,President,Other,,490.0,58805,20191203,y,0.008332624776804694
1172,2000,Florida,FL,Bradford,12007.0,President,Al Gore,democrat,3075.0,8673,20191203,b,0.3545485991006572
1173,2000,Florida,FL,Bradford,12007.0,President,George W. Bush,republican,5414.0,8673,20191203,r,0.6242361351320189
1174,2000,Florida,FL,Bradford,12007.0,President,Ralph Nader,green,84.0,8673,20191203,g,0.009685230024213076
1175,2000,Florida,FL,Bradford,12007.0,President,Other,,100.0,8673,20191203,y,0.011530035743110803
1176,2000,Florida,FL,Brevard,12009.0,President,Al Gore,democrat,97318.0,218395,20191203,b,0.44560543968497446
1177,2000,Florida,FL,Brevard,12009.0,President,George W. Bush,republican,115185.0,218395,20191203,r,0.5274159206941551
1178,2000,Florida,FL,Brevard,12009.0,President,Ralph Nader,green,4470.0,218395,20191203,g,0.02046750154536505
1179,2000,Florida,FL,Brevard,12009.0,President,Other,,1422.0,218395,20191203,y,0.0065111380755053915
1180,2000,Florida,FL,Broward,12011.0,President,Al Gore,democrat,387703.0,575143,20191203,b,0.6740984416049574
1182,2000,Florida,FL,Broward,12011.0,President,Ralph Nader,green,7104.0,575143,20191203,g,0.012351710791924791
1183,2000,Florida,FL,Broward,12011.0,President,Other,,2434.0,575143,20191203,y,0.004231991000499006
1184,2000,Florida,FL,Calhoun,12013.0,President,Al Gore,democrat,2155.0,5174,20191203,b,0.416505604947816
1185,2000,Florida,FL,Calhoun,12013.0,President,George W. Bush,republican,2873.0,5174,20191203,r,0.5552763819095478
1186,2000,Florida,FL,Calhoun,12013.0,President,Ralph Nader,green,39.0,5174,20191203,g,0.007537688442211055
1187,2000,Florida,FL,Calhoun,12013.0,President,Other,,107.0,5174,20191203,y,0.020680324700425204
1188,2000,Florida,FL,Charlotte,12015.0,President,Al Gore,democrat,29645.0,66896,20191203,b,0.4431505620664913
1189,2000,Florida,FL,Charlotte,12015.0,President,George W. Bush,republican,35426.0,66896,20191203,r,0.5295682850992586
1190,2000,Florida,FL,Charlotte,12015.0,President,Ralph Nader,green,1462.0,66896,20191203,g,0.021854819421191104
1191,2000,Florida,FL,Charlotte,12015.0,President,Other,,363.0,66896,20191203,y,0.005426333413059077
1192,2000,Florida,FL,Citrus,12017.0,President,Al Gore,democrat,25525.0,57206,20191203,b,0.44619445512708455
1193,2000,Florida,FL,Citrus,12017.0,President,George W. Bush,republican,29767.0,57206,20191203,r,0.5203475159948258
1194,2000,Florida,FL,Citrus,12017.0,President,Ralph Nader,green,1379.0,57206,20191203,g,0.024105863021361397
1195,2000,Florida,FL,Citrus,12017.0,President,Other,,535.0,57206,20191203,y,0.009352165856728316
1196,2000,Florida,FL,Clay,12019.0,President,Al Gore,democrat,14632.0,57353,20191203,b,0.2551217896186773
1197,2000,Florida,FL,Clay,12019.0,President,George W. Bush,republican,41736.0,57353,20191203,r,0.7277038690216728
1198,2000,Florida,FL,Clay,12019.0,President,Ralph Nader,green,562.0,57353,20191203,g,0.009798964308754555
1199,2000,Florida,FL,Clay,12019.0,President,Other,,423.0,57353,20191203,y,0.007375377050895332
1200,2000,Florida,FL,Collier,12021.0,President,Al Gore,democrat,29921.0,92162,20191203,b,0.3246565829734598
1201,2000,Florida,FL,Collier,12021.0,President,George W. Bush,republican,60450.0,92162,20191203,r,0.6559102450033636
1202,2000,Florida,FL,Collier,12021.0,President,Ralph Nader,green,1400.0,92162,20191203,g,0.015190642564180465
1203,2000,Florida,FL,Collier,12021.0,President,Other,,391.0,92162,20191203,y,0.0042425294589961155
1204,2000,Florida,FL,Columbia,12023.0,President,Al Gore,democrat,7047.0,18508,20191203,b,0.3807542684244651
1205,2000,Florida,FL,Columbia,12023.0,President,George W. Bush,republican,10964.0,18508,20191203,r,0.5923924789280312
1206,2000,Florida,FL,Columbia,12023.0,President,Ralph Nader,green,258.0,18508,20191203,g,0.013939917873352064
1207,2000,Florida,FL,Columbia,12023.0,President,Other,,239.0,18508,20191203,y,0.012913334774151719
1208,2000,Florida,FL,Desoto,12027.0,President,Al Gore,democrat,3320.0,7817,20191203,b,0.4247153639503646
1209,2000,Florida,FL,Desoto,12027.0,President,George W. Bush,republican,4256.0,7817,20191203,r,0.5444543942689011
1210,2000,Florida,FL,Desoto,12027.0,President,Ralph Nader,green,157.0,7817,20191203,g,0.020084431367532303
1211,2000,Florida,FL,Desoto,12027.0,President,Other,,84.0,7817,20191203,y,0.010745810413201995
1212,2000,Florida,FL,Dixie,12029.0,President,Al Gore,democrat,1826.0,4666,20191203,b,0.39134162023146163
1213,2000,Florida,FL,Dixie,12029.0,President,George W. Bush,republican,2697.0,4666,20191203,r,0.578011144449207
1214,2000,Florida,FL,Dixie,12029.0,President,Ralph Nader,green,75.0,4666,20191203,g,0.01607372481783112
1215,2000,Florida,FL,Dixie,12029.0,President,Other,,68.0,4666,20191203,y,0.014573510501500214
1216,2000,Florida,FL,Duval,12031.0,President,Al Gore,democrat,107864.0,264636,20191203,b,0.40759382699254826
1217,2000,Florida,FL,Duval,12031.0,President,George W. Bush,republican,152098.0,264636,20191203,r,0.574744176907148
1218,2000,Florida,FL,Duval,12031.0,President,Ralph Nader,green,2757.0,264636,20191203,g,0.010418083707432095
1219,2000,Florida,FL,Duval,12031.0,President,Other,,1917.0,264636,20191203,y,0.007243912392871718
1220,2000,Florida,FL,Escambia,12033.0,President,Al Gore,democrat,40943.0,116648,20191203,b,0.35099615938550166
1221,2000,Florida,FL,Escambia,12033.0,President,George W. Bush,republican,73017.0,116648,20191203,r,0.6259601536245799
1222,2000,Florida,FL,Escambia,12033.0,President,Ralph Nader,green,1727.0,116648,20191203,g,0.014805225979013785
1223,2000,Florida,FL,Escambia,12033.0,President,Other,,961.0,116648,20191203,y,0.008238461010904603
1224,2000,Florida,FL,Flagler,12035.0,President,Al Gore,democrat,13897.0,27111,20191203,b,0.5125963630998488
1225,2000,Florida,FL,Flagler,12035.0,President,George W. Bush,republican,12613.0,27111,20191203,r,0.46523551326030027
1226,2000,Florida,FL,Flagler,12035.0,President,Ralph Nader,green,435.0,27111,20191203,g,0.01604514772601527
1227,2000,Florida,FL,Flagler,12035.0,President,Other,,166.0,27111,20191203,y,0.006122975913835712
1228,2000,Florida,FL,Franklin,12037.0,President,Al Gore,democrat,2046.0,4644,20191203,b,0.4405684754521964
1229,2000,Florida,FL,Franklin,12037.0,President,George W. Bush,republican,2454.0,4644,20191203,r,0.5284237726098191
1230,2000,Florida,FL,Franklin,12037.0,President,Ralph Nader,green,85.0,4644,20191203,g,0.01830318690783807
1231,2000,Florida,FL,Franklin,12037.0,President,Other,,59.0,4644,20191203,y,0.012704565030146426
1232,2000,Florida,FL,Gadsden,12039.0,President,Al Gore,democrat,9735.0,14727,20191203,b,0.6610307598288857
1233,2000,Florida,FL,Gadsden,12039.0,President,George W. Bush,republican,4767.0,14727,20191203,r,0.3236911794662864
1234,2000,Florida,FL,Gadsden,12039.0,President,Ralph Nader,green,139.0,14727,20191203,g,0.00943844639098255
1235,2000,Florida,FL,Gadsden,12039.0,President,Other,,86.0,14727,20191203,y,0.005839614313845318
1236,2000,Florida,FL,Gilchrist,12041.0,President,Al Gore,democrat,1910.0,5395,20191203,b,0.3540315106580167
1237,2000,Florida,FL,Gilchrist,12041.0,President,George W. Bush,republican,3300.0,5395,20191203,r,0.6116774791473587
1238,2000,Florida,FL,Gilchrist,12041.0,President,Ralph Nader,green,97.0,5395,20191203,g,0.01797961075069509
1239,2000,Florida,FL,Gilchrist,12041.0,President,Other,,88.0,5395,20191203,y,0.016311399443929564
1240,2000,Florida,FL,Glades,12043.0,President,Al Gore,democrat,1442.0,3365,20191203,b,0.42852897473997026
1241,2000,Florida,FL,Glades,12043.0,President,George W. Bush,republican,1841.0,3365,20191203,r,0.5471025260029718
1242,2000,Florida,FL,Glades,12043.0,President,Ralph Nader,green,56.0,3365,20191203,g,0.01664190193164933
1243,2000,Florida,FL,Glades,12043.0,President,Other,,26.0,3365,20191203,y,0.007726597325408618
1244,2000,Florida,FL,Gulf,12045.0,President,Al Gore,democrat,2397.0,6144,20191203,b,0.39013671875
1245,2000,Florida,FL,Gulf,12045.0,President,George W. Bush,republican,3550.0,6144,20191203,r,0.5777994791666666
1246,2000,Florida,FL,Gulf,12045.0,President,Ralph Nader,green,86.0,6144,20191203,g,0.013997395833333334
1247,2000,Florida,FL,Gulf,12045.0,President,Other,,111.0,6144,20191203,y,0.01806640625
1248,2000,Florida,FL,Hamilton,12047.0,President,Al Gore,democrat,1722.0,3964,20191203,b,0.43440968718466194
1249,2000,Florida,FL,Hamilton,12047.0,President,George W. Bush,republican,2146.0,3964,20191203,r,0.541372351160444
1250,2000,Florida,FL,Hamilton,12047.0,President,Ralph Nader,green,37.0,3964,20191203,g,0.009334006054490415
1251,2000,Florida,FL,Hamilton,12047.0,President,Other,,59.0,3964,20191203,y,0.014883955600403632
1252,2000,Florida,FL,Hardee,12049.0,President,Al Gore,democrat,2339.0,6233,20191203,b,0.3752607091288304
1253,2000,Florida,FL,Hardee,12049.0,President,George W. Bush,republican,3765.0,6233,20191203,r,0.6040429969517086
1254,2000,Florida,FL,Hardee,12049.0,President,Ralph Nader,green,75.0,6233,20191203,g,0.012032729022942404
1255,2000,Florida,FL,Hardee,12049.0,President,Other,,54.0,6233,20191203,y,0.00866356489651853
1256,2000,Florida,FL,Hendry,12051.0,President,Al Gore,democrat,3240.0,8139,20191203,b,0.3980833026170291
1257,2000,Florida,FL,Hendry,12051.0,President,George W. Bush,republican,4747.0,8139,20191203,r,0.5832411844206905
1258,2000,Florida,FL,Hendry,12051.0,President,Ralph Nader,green,104.0,8139,20191203,g,0.012777982553139207
1259,2000,Florida,FL,Hendry,12051.0,President,Other,,48.0,8139,20191203,y,0.005897530409141172
1260,2000,Florida,FL,Hernando,12053.0,President,Al Gore,democrat,32644.0,65219,20191203,b,0.5005289869516552
1261,2000,Florida,FL,Hernando,12053.0,President,George W. Bush,republican,30646.0,65219,20191203,r,0.46989374262101535
1262,2000,Florida,FL,Hernando,12053.0,President,Ralph Nader,green,1501.0,65219,20191203,g,0.023014765635780983
1263,2000,Florida,FL,Hernando,12053.0,President,Other,,428.0,65219,20191203,y,0.0065625047915484755
1264,2000,Florida,FL,Highlands,12055.0,President,Al Gore,democrat,14167.0,35149,20191203,b,0.40305556345841986
1265,2000,Florida,FL,Highlands,12055.0,President,George W. Bush,republican,20206.0,35149,20191203,r,0.574866994793593
1266,2000,Florida,FL,Highlands,12055.0,President,Ralph Nader,green,545.0,35149,20191203,g,0.01550541978434664
1267,2000,Florida,FL,Highlands,12055.0,President,Other,,231.0,35149,20191203,y,0.0065720219636405015
1268,2000,Florida,FL,Hillsborough,12057.0,President,Al Gore,democrat,169557.0,360295,20191203,b,0.47060603116890326
1269,2000,Florida,FL,Hillsborough,12057.0,President,George W. Bush,republican,180760.0,360295,20191203,r,0.5016999958367448
1270,2000,Florida,FL,Hillsborough,12057.0,President,Ralph Nader,green,7490.0,360295,20191203,g,0.020788520517908936
1271,2000,Florida,FL,Hillsborough,12057.0,President,Other,,2488.0,360295,20191203,y,0.006905452476442915
1272,2000,Florida,FL,Holmes,12059.0,President,Al Gore,democrat,2177.0,7395,20191203,b,0.29438810006761323
1273,2000,Florida,FL,Holmes,12059.0,President,George W. Bush,republican,5011.0,7395,20191203,r,0.6776200135226504
1274,2000,Florida,FL,Holmes,12059.0,President,Ralph Nader,green,94.0,7395,20191203,g,0.01271129141311697
1275,2000,Florida,FL,Holmes,12059.0,President,Other,,113.0,7395,20191203,y,0.015280594996619337
1276,2000,Florida,FL,Indian River,12061.0,President,Al Gore,democrat,19768.0,49622,20191203,b,0.39837168997622024
1277,2000,Florida,FL,Indian River,12061.0,President,George W. Bush,republican,28635.0,49622,20191203,r,0.5770625932046269
1278,2000,Florida,FL,Indian River,12061.0,President,Ralph Nader,green,950.0,49622,20191203,g,0.019144734190480028
1279,2000,Florida,FL,Indian River,12061.0,President,Other,,269.0,49622,20191203,y,0.005420982628672766
1280,2000,Florida,FL,Jackson,12063.0,President,Al Gore,democrat,6868.0,16300,20191203,b,0.42134969325153376
1281,2000,Florida,FL,Jackson,12063.0,President,George W. Bush,republican,9138.0,16300,20191203,r,0.5606134969325154
1282,2000,Florida,FL,Jackson,12063.0,President,Ralph Nader,green,138.0,16300,20191203,g,0.008466257668711657
1283,2000,Florida,FL,Jackson,12063.0,President,Other,,156.0,16300,20191203,y,0.009570552147239264
1284,2000,Florida,FL,Jefferson,12065.0,President,Al Gore,democrat,3041.0,5644,20191203,b,0.5388022678951099
1285,2000,Florida,FL,Jefferson,12065.0,President,George W. Bush,republican,2478.0,5644,20191203,r,0.4390503189227498
1286,2000,Florida,FL,Jefferson,12065.0,President,Ralph Nader,green,76.0,5644,20191203,g,0.013465627214741318
1287,2000,Florida,FL,Jefferson,12065.0,President,Other,,49.0,5644,20191203,y,0.008681785967399007
1289,2000,Florida,FL,Lafayette,12067.0,President,George W. Bush,republican,1670.0,2505,20191203,r,0.6666666666666666
1290,2000,Florida,FL,Lafayette,12067.0,President,Ralph Nader,green,26.0,2505,20191203,g,0.010379241516966068
1291,2000,Florida,FL,Lafayette,12067.0,President,Other,,20.0,2505,20191203,y,0.007984031936127744
1292,2000,Florida,FL,Lake,12069.0,President,Al Gore,democrat,36571.0,88611,20191203,b,0.41271399713353873
1293,2000,Florida,FL,Lake,12069.0,President,George W. Bush,republican,50010.0,88611,20191203,r,0.5643768832312015
1294,2000,Florida,FL,Lake,12069.0,President,Ralph Nader,green,1460.0,88611,20191203,g,0.016476509688413403
1295,2000,Florida,FL,Lake,12069.0,President,Other,,570.0,88611,20191203,y,0.0064326099468463285
1296,2000,Florida,FL,Lee,12071.0,President,Al Gore,democrat,73560.0,184377,20191203,b,0.39896516376771507
1297,2000,Florida,FL,Lee,12071.0,President,George W. Bush,republican,106141.0,184377,20191203,r,0.5756737554033312
1298,2000,Florida,FL,Lee,12071.0,President,Ralph Nader,green,3587.0,184377,20191203,g,0.01945470422015761
1299,2000,Florida,FL,Lee,12071.0,President,Other,,1089.0,184377,20191203,y,0.005906376608796108
1300,2000,Florida,FL,Leon,12073.0,President,Al Gore,democrat,61427.0,103124,20191203,b,0.5956615336875994
1301,2000,Florida,FL,Leon,12073.0,President,George W. Bush,republican,39062.0,103124,20191203,r,0.3787867033862147
1302,2000,Florida,FL,Leon,12073.0,President,Ralph Nader,green,1932.0,103124,20191203,g,0.018734727124626663
1303,2000,Florida,FL,Leon,12073.0,President,Other,,703.0,103124,20191203,y,0.006817035801559288
1304,2000,Florida,FL,Levy,12075.0,President,Al Gore,democrat,5398.0,12724,20191203,b,0.4242376611128576
1305,2000,Florida,FL,Levy,12075.0,President,George W. Bush,republican,6858.0,12724,20191203,r,0.5389814523734675
1306,2000,Florida,FL,Levy,12075.0,President,Ralph Nader,green,284.0,12724,20191203,g,0.022320025149324112
1307,2000,Florida,FL,Levy,12075.0,President,Other,,184.0,12724,20191203,y,0.014460861364350833
1308,2000,Florida,FL,Liberty,12077.0,President,Al Gore,democrat,1017.0,2410,20191203,b,0.4219917012448133
1309,2000,Florida,FL,Liberty,12077.0,President,George W. Bush,republican,1317.0,2410,20191203,r,0.5464730290456431
1310,2000,Florida,FL,Liberty,12077.0,President,Ralph Nader,green,19.0,2410,20191203,g,0.007883817427385892
1311,2000,Florida,FL,Liberty,12077.0,President,Other,,57.0,2410,20191203,y,0.023651452282157676
1312,2000,Florida,FL,Madison,12079.0,President,Al Gore,democrat,3014.0,6162,20191203,b,0.48912690684842586
1313,2000,Florida,FL,Madison,12079.0,President,George W. Bush,republican,3038.0,6162,20191203,r,0.4930217461863031
1314,2000,Florida,FL,Madison,12079.0,President,Ralph Nader,green,54.0,6162,20191203,g,0.008763388510223954
1315,2000,Florida,FL,Madison,12079.0,President,Other,,56.0,6162,20191203,y,0.009087958455047063
1316,2000,Florida,FL,Manatee,12081.0,President,Al Gore,democrat,49177.0,110221,20191203,b,0.4461672458061531
1317,2000,Florida,FL,Manatee,12081.0,President,George W. Bush,republican,57952.0,110221,20191203,r,0.5257800237704249
1318,2000,Florida,FL,Manatee,12081.0,President,Ralph Nader,green,2491.0,110221,20191203,g,0.022600048992478746
1319,2000,Florida,FL,Manatee,12081.0,President,Other,,601.0,110221,20191203,y,0.005452681430943286
1320,2000,Florida,FL,Marion,12083.0,President,Al Gore,democrat,44665.0,102956,20191203,b,0.4338261004701037
1321,2000,Florida,FL,Marion,12083.0,President,George W. Bush,republican,55141.0,102956,20191203,r,0.535578305295466
1322,2000,Florida,FL,Marion,12083.0,President,Ralph Nader,green,1809.0,102956,20191203,g,0.017570612688915653
1323,2000,Florida,FL,Marion,12083.0,President,Other,,1341.0,102956,20191203,y,0.013024981545514588
1324,2000,Florida,FL,Martin,12085.0,President,Al Gore,democrat,26620.0,62013,20191203,b,0.42926483156757456
1325,2000,Florida,FL,Martin,12085.0,President,George W. Bush,republican,33970.0,62013,20191203,r,0.5477883669553159
1326,2000,Florida,FL,Martin,12085.0,President,Ralph Nader,green,1118.0,62013,20191203,g,0.018028477899795205
1327,2000,Florida,FL,Martin,12085.0,President,Other,,305.0,62013,20191203,y,0.004918323577314434
1328,2000,Florida,FL,Miami-Dade,12086.0,President,Al Gore,democrat,328808.0,625449,20191203,b,0.5257151262532996
1329,2000,Florida,FL,Miami-Dade,12086.0,President,George W. Bush,republican,289533.0,625449,20191203,r,0.4629202381009483
1330,2000,Florida,FL,Miami-Dade,12086.0,President,Ralph Nader,green,5352.0,625449,20191203,g,0.008557052613402531
1331,2000,Florida,FL,Miami-Dade,12086.0,President,Other,,1756.0,625449,20191203,y,0.00280758303234956
1332,2000,Florida,FL,Monroe,12087.0,President,Al Gore,democrat,16483.0,33896,20191203,b,0.48628156714656595
1333,2000,Florida,FL,Monroe,12087.0,President,George W. Bush,republican,16059.0,33896,20191203,r,0.473772716544725
1334,2000,Florida,FL,Monroe,12087.0,President,Ralph Nader,green,1090.0,33896,20191203,g,0.032157186688694835
1335,2000,Florida,FL,Monroe,12087.0,President,Other,,264.0,33896,20191203,y,0.007788529620014161
1336,2000,Florida,FL,Nassau,12089.0,President,Al Gore,democrat,6952.0,23780,20191203,b,0.29234650967199327
1337,2000,Florida,FL,Nassau,12089.0,President,George W. Bush,republican,16404.0,23780,20191203,r,0.6898233809924306
1338,2000,Florida,FL,Nassau,12089.0,President,Ralph Nader,green,253.0,23780,20191203,g,0.01063919259882254
1339,2000,Florida,FL,Nassau,12089.0,President,Other,,171.0,23780,20191203,y,0.007190916736753574
1340,2000,Florida,FL,Okaloosa,12091.0,President,Al Gore,democrat,16948.0,70680,20191203,b,0.23978494623655913
1341,2000,Florida,FL,Okaloosa,12091.0,President,George W. Bush,republican,52093.0,70680,20191203,r,0.7370260328239955
1342,2000,Florida,FL,Okaloosa,12091.0,President,Ralph Nader,green,985.0,70680,20191203,g,0.013936049801924165
1343,2000,Florida,FL,Okaloosa,12091.0,President,Other,,654.0,70680,20191203,y,0.009252971137521222
1344,2000,Florida,FL,Okeechobee,12093.0,President,Al Gore,democrat,4588.0,9853,20191203,b,0.46564498122399267
1345,2000,Florida,FL,Okeechobee,12093.0,President,George W. Bush,republican,5057.0,9853,20191203,r,0.5132446970465848
1346,2000,Florida,FL,Okeechobee,12093.0,President,Ralph Nader,green,131.0,9853,20191203,g,0.013295443012280524
1347,2000,Florida,FL,Okeechobee,12093.0,President,Other,,77.0,9853,20191203,y,0.007814878717141987
1348,2000,Florida,FL,Orange,12095.0,President,Al Gore,democrat,140220.0,280125,20191203,b,0.5005622489959839
1349,2000,Florida,FL,Orange,12095.0,President,George W. Bush,republican,134517.0,280125,20191203,r,0.48020348058902274
1350,2000,Florida,FL,Orange,12095.0,President,Ralph Nader,green,3879.0,280125,20191203,g,0.013847389558232932
1351,2000,Florida,FL,Orange,12095.0,President,Other,,1509.0,280125,20191203,y,0.005386880856760375
1352,2000,Florida,FL,Osceola,12097.0,President,Al Gore,democrat,28181.0,55659,20191203,b,0.5063152410212185
1353,2000,Florida,FL,Osceola,12097.0,President,George W. Bush,republican,26212.0,55659,20191203,r,0.47093911137462047
1354,2000,Florida,FL,Osceola,12097.0,President,Ralph Nader,green,732.0,55659,20191203,g,0.01315151188487037
1355,2000,Florida,FL,Osceola,12097.0,President,Other,,534.0,55659,20191203,y,0.009594135719290681
1356,2000,Florida,FL,Palm Beach,12099.0,President,Al Gore,democrat,269732.0,433186,20191203,b,0.6226701693960562
1357,2000,Florida,FL,Palm Beach,12099.0,President,George W. Bush,republican,152951.0,433186,20191203,r,0.3530838946780367
1358,2000,Florida,FL,Palm Beach,12099.0,President,Ralph Nader,green,5565.0,433186,20191203,g,0.012846675561998772
1359,2000,Florida,FL,Palm Beach,12099.0,President,Other,,4938.0,433186,20191203,y,0.011399260363908344
1360,2000,Florida,FL,Pasco,12101.0,President,Al Gore,democrat,69564.0,142731,20191203,b,0.4873783550875423
1361,2000,Florida,FL,Pasco,12101.0,President,George W. Bush,republican,68582.0,142731,20191203,r,0.4804982799812234
1362,2000,Florida,FL,Pasco,12101.0,President,Ralph Nader,green,3393.0,142731,20191203,g,0.023771990667759632
1363,2000,Florida,FL,Pasco,12101.0,President,Other,,1192.0,142731,20191203,y,0.008351374263474648
1364,2000,Florida,FL,Pinellas,12103.0,President,Al Gore,democrat,200630.0,398472,20191203,b,0.5034983637495232
1365,2000,Florida,FL,Pinellas,12103.0,President,George W. Bush,republican,184825.0,398472,20191203,r,0.46383434720632816
1366,2000,Florida,FL,Pinellas,12103.0,President,Ralph Nader,green,10022.0,398472,20191203,g,0.02515107711457769
1367,2000,Florida,FL,Pinellas,12103.0,President,Other,,2995.0,398472,20191203,y,0.007516211929570961
1368,2000,Florida,FL,Polk,12105.0,President,Al Gore,democrat,75200.0,168607,20191203,b,0.4460075797564751
1369,2000,Florida,FL,Polk,12105.0,President,George W. Bush,republican,90295.0,168607,20191203,r,0.5355352980599857
1370,2000,Florida,FL,Polk,12105.0,President,Ralph Nader,green,2059.0,168607,20191203,g,0.012211829876576891
1371,2000,Florida,FL,Polk,12105.0,President,Other,,1053.0,168607,20191203,y,0.006245292306962345
1372,2000,Florida,FL,Putnam,12107.0,President,Al Gore,democrat,12102.0,26222,20191203,b,0.4615208603462741
1373,2000,Florida,FL,Putnam,12107.0,President,George W. Bush,republican,13447.0,26222,20191203,r,0.51281366791244
1374,2000,Florida,FL,Putnam,12107.0,President,Ralph Nader,green,377.0,26222,20191203,g,0.014377240485088857
1375,2000,Florida,FL,Putnam,12107.0,President,Other,,296.0,26222,20191203,y,0.011288231256197087
1376,2000,Florida,FL,St. Johns,12109.0,President,Al Gore,democrat,19502.0,60746,20191203,b,0.321041714680802
1377,2000,Florida,FL,St. Johns,12109.0,President,George W. Bush,republican,39546.0,60746,20191203,r,0.6510058275442004
1378,2000,Florida,FL,St. Johns,12109.0,President,Ralph Nader,green,1217.0,60746,20191203,g,0.020034240937674908
1379,2000,Florida,FL,St. Johns,12109.0,President,Other,,481.0,60746,20191203,y,0.007918216837322621
1380,2000,Florida,FL,St. Lucie,12111.0,President,Al Gore,democrat,41559.0,77989,20191203,b,0.5328828424521407
1381,2000,Florida,FL,St. Lucie,12111.0,President,George W. Bush,republican,34705.0,77989,20191203,r,0.4449986536562849
1382,2000,Florida,FL,St. Lucie,12111.0,President,Ralph Nader,green,1368.0,77989,20191203,g,0.017540935260100782
1383,2000,Florida,FL,St. Lucie,12111.0,President,Other,,357.0,77989,20191203,y,0.004577568631473669
1384,2000,Florida,FL,Santa Rosa,12113.0,President,Al Gore,democrat,12802.0,50319,20191203,b,0.25441682068403587
1385,2000,Florida,FL,Santa Rosa,12113.0,President,George W. Bush,republican,36274.0,50319,20191203,r,0.7208807806196467
1386,2000,Florida,FL,Santa Rosa,12113.0,President,Ralph Nader,green,724.0,50319,20191203,g,0.014388203263180906
1387,2000,Florida,FL,Santa Rosa,12113.0,President,Other,,519.0,50319,20191203,y,0.010314195433136589
1388,2000,Florida,FL,Sarasota,12115.0,President,Al Gore,democrat,72853.0,160942,20191203,b,0.45266617787774477
1389,2000,Florida,FL,Sarasota,12115.0,President,George W. Bush,republican,83100.0,160942,20191203,r,0.5163350772327919
1390,2000,Florida,FL,Sarasota,12115.0,President,Ralph Nader,green,4069.0,160942,20191203,g,0.025282399870760894
1391,2000,Florida,FL,Sarasota,12115.0,President,Other,,920.0,160942,20191203,y,0.00571634501870239
1392,2000,Florida,FL,Seminole,12117.0,President,Al Gore,democrat,59174.0,137634,20191203,b,0.4299373701265676
1393,2000,Florida,FL,Seminole,12117.0,President,George W. Bush,republican,75677.0,137634,20191203,r,0.5498423354694334
1394,2000,Florida,FL,Seminole,12117.0,President,Ralph Nader,green,1946.0,137634,20191203,g,0.014138948225002543
1395,2000,Florida,FL,Seminole,12117.0,President,Other,,837.0,137634,20191203,y,0.006081346178996469
1396,2000,Florida,FL,Sumter,12119.0,President,Al Gore,democrat,9637.0,22261,20191203,b,0.4329095727954719
1397,2000,Florida,FL,Sumter,12119.0,President,George W. Bush,republican,12127.0,22261,20191203,r,0.544764386146175
1398,2000,Florida,FL,Sumter,12119.0,President,Ralph Nader,green,306.0,22261,20191203,g,0.013746013206953865
1399,2000,Florida,FL,Sumter,12119.0,President,Other,,191.0,22261,20191203,y,0.008580027851399307
1400,2000,Florida,FL,Suwannee,12121.0,President,Al Gore,democrat,4075.0,12473,20191203,b,0.3267056842780406
1401,2000,Florida,FL,Suwannee,12121.0,President,George W. Bush,republican,8006.0,12473,20191203,r,0.6418664314920227
1402,2000,Florida,FL,Suwannee,12121.0,President,Ralph Nader,green,180.0,12473,20191203,g,0.014431171330072958
1403,2000,Florida,FL,Suwannee,12121.0,President,Other,,212.0,12473,20191203,y,0.016996712899863705
1404,2000,Florida,FL,Taylor,12123.0,President,Al Gore,democrat,2649.0,6808,20191203,b,0.38910105757931845
1405,2000,Florida,FL,Taylor,12123.0,President,George W. Bush,republican,4056.0,6808,20191203,r,0.5957696827262045
1406,2000,Florida,FL,Taylor,12123.0,President,Ralph Nader,green,59.0,6808,20191203,g,0.008666274970622797
1407,2000,Florida,FL,Taylor,12123.0,President,Other,,44.0,6808,20191203,y,0.006462984723854289
1408,2000,Florida,FL,Union,12125.0,President,Al Gore,democrat,1407.0,3826,20191203,b,0.36774699424986934
1409,2000,Florida,FL,Union,12125.0,President,George W. Bush,republican,2332.0,3826,20191203,r,0.6095138525875589
1410,2000,Florida,FL,Union,12125.0,President,Ralph Nader,green,33.0,3826,20191203,g,0.008625196027182437
1411,2000,Florida,FL,Union,12125.0,President,Other,,54.0,3826,20191203,y,0.014113957135389441
1412,2000,Florida,FL,Volusia,12127.0,President,Al Gore,democrat,97304.0,183654,20191203,b,0.5298223833948621
1413,2000,Florida,FL,Volusia,12127.0,President,George W. Bush,republican,82357.0,183654,20191203,r,0.4484356452895118
1414,2000,Florida,FL,Volusia,12127.0,President,Ralph Nader,green,2910.0,183654,20191203,g,0.015845012904701233
1415,2000,Florida,FL,Volusia,12127.0,President,Other,,1083.0,183654,20191203,y,0.005896958410924891
1416,2000,Florida,FL,Wakulla,12129.0,President,Al Gore,democrat,3838.0,8587,20191203,b,0.44695469896354956
1417,2000,Florida,FL,Wakulla,12129.0,President,George W. Bush,republican,4512.0,8587,20191203,r,0.5254454407825783
1418,2000,Florida,FL,Wakulla,12129.0,President,Ralph Nader,green,149.0,8587,20191203,g,0.017351810876906952
1419,2000,Florida,FL,Wakulla,12129.0,President,Other,,88.0,8587,20191203,y,0.01024804937696518
1420,2000,Florida,FL,Walton,12131.0,President,Al Gore,democrat,5642.0,18318,20191203,b,0.30800305710230375
1421,2000,Florida,FL,Walton,12131.0,President,George W. Bush,republican,12182.0,18318,20191203,r,0.6650289332896604
1422,2000,Florida,FL,Walton,12131.0,President,Ralph Nader,green,265.0,18318,20191203,g,0.01446664483022164
1423,2000,Florida,FL,Walton,12131.0,President,Other,,229.0,18318,20191203,y,0.012501364777814172
1424,2000,Florida,FL,Washington,12133.0,President,Al Gore,democrat,2798.0,8029,20191203,b,0.3484867355835098
1425,2000,Florida,FL,Washington,12133.0,President,George W. Bush,republican,4994.0,8029,20191203,r,0.6219952671565575
1426,2000,Florida,FL,Washington,12133.0,President,Ralph Nader,green,93.0,8029,20191203,g,0.011583011583011582
1427,2000,Florida,FL,Washington,12133.0,President,Other,,144.0,8029,20191203,y,0.017934985676921162
